{
    "menu": {
        "item": "{{#levelRepeat}}  {{/levelRepeat}}* [{{{title}}}]({{{link}}})\n",
        "category": "{{#levelRepeat}}  {{/levelRepeat}}* {{#link}}[{{{title}}}]({{{link}}}){{/link}}{{^link}}{{{title}}}{{/link}}\n{{{subitems}}}",
        "category-1": "{{{subitems}}}\n"
    },
    "rules": {
        "exclude": [],
        "order": [
            "Home.md"
        ]
    },
    "separator": ":-",
    "linkTemplate": "./%s",
    "menuFile": "_Sidebar.md",
    "multilang": false,
    "menuOnly": true
}

